{
  "i18n/i18n.properties": 1693418544500,
  "manifest.json": 1693497958139,
  "ext/fragment/Comentarios.js": 1693418544500,
  "ext/controller/ObjectPageExt.controller.js": 1693418544500,
  "ext/controller/ListPageExt.controller.js": 1693418544500,
  "Component.js": 1693418544500,
  "Component-preload.js": 1693497958367,
  "ext/fragment/Comentarios-dbg.js": 1693418544500,
  "ext/controller/ObjectPageExt-dbg.controller.js": 1693418544500,
  "ext/controller/ListPageExt-dbg.controller.js": 1693418544500,
  "Component-dbg.js": 1693418544500,
  "ext/fragment/UploadFile.fragment.xml": 1693418544500,
  "ext/fragment/UpdatePorcentaje.fragment.xml": 1693418544500,
  "ext/fragment/Comentarios.fragment.xml": 1693418544500,
  "index.html": 1693418544500
}