{
  "ext/controller/ObjectPageExt-dbg.controller.js": 1691593742670,
  "ext/fragment/Comentarios.js": 1691593832606,
  "ext/fragment/ProyeccionFondo.js": 1691594555766,
  "ext/fragment/PorcentajeAportacion.js": 1692213715446,
  "manifest.json": 1692903486955,
  "ext/controller/ObjectPageExt.controller.js": 1691593742670,
  "ext/controller/ListPageExt.controller.js": 1691592514170,
  "Component.js": 1691590220375,
  "Component-preload.js": 1692903487168,
  "Component-dbg.js": 1691590220375,
  "ext/controller/ListPageExt-dbg.controller.js": 1691592514170,
  "ext/fragment/ProyeccionFondo-dbg.js": 1691594555766,
  "ext/fragment/PorcentajeAportacion-dbg.js": 1692213715446,
  "ext/fragment/Comentarios-dbg.js": 1691593832606,
  "i18n/i18n.properties": 1691593555616,
  "ext/fragment/ProyeccionFondo.fragment.xml": 1691777735478,
  "ext/fragment/PorcentajeAportacion.fragment.xml": 1692191959107,
  "ext/fragment/Comentarios.fragment.xml": 1691593952895,
  "index.html": 1691590220379
}